/*!40101 SET @OLD_CHARACTER_SET_CLIENT=@@CHARACTER_SET_CLIENT */;
/*!40101 SET NAMES utf8 */;
/*!50503 SET NAMES utf8 */;
/*!40014 SET @OLD_FOREIGN_KEY_CHECKS=@@FOREIGN_KEY_CHECKS, FOREIGN_KEY_CHECKS=0 */;
/*!40101 SET @OLD_SQL_MODE=@@SQL_MODE, SQL_MODE='NO_AUTO_VALUE_ON_ZERO' */;

INSERT IGNORE INTO `phpbb_attachments_config` (`config_name`, `config_value`) VALUES
	('allow_ftp_upload', '0'),
	('allow_pm_attach', '1'),
	('attachment_quota', '52428800'),
	('attachment_topic_review', '1'),
	('default_pm_quota', '0'),
	('default_upload_quota', '0'),
	('disable_mod', '0'),
	('display_order', '0'),
	('download_path', ''),
	('ftp_pass', ''),
	('ftp_pasv_mode', '1'),
	('ftp_path', ''),
	('ftp_server', ''),
	('ftp_user', ''),
	('img_create_thumbnail', '1'),
	('img_display_inlined', '1'),
	('img_imagick', ''),
	('img_link_height', '0'),
	('img_link_width', '0'),
	('img_max_height', '0'),
	('img_max_width', '0'),
	('img_min_thumb_filesize', '12000'),
	('max_attachments', '10'),
	('max_attachments_pm', '1'),
	('max_filesize', '262144'),
	('max_filesize_pm', '262144'),
	('show_apcp', '0'),
	('topic_icon', 'images/icon_clip.gif'),
	('upload_dir', 'files'),
	('upload_img', 'images/icon_clip.gif'),
	('use_gd2', '0');

INSERT IGNORE INTO `phpbb_categories` (`cat_id`, `cat_title`, `cat_order`, `cat_main_type`, `cat_main`, `cat_desc`) VALUES
	(1, 'Główna kategoria forum', 10, 'c', 0, 'Główna kategoria forum'),
	(3, 'Kategoria Subforów', 40, 'f', 2, ''),
	(4, 'Kategoria Sondy', 80, 'c', 1, '');

INSERT IGNORE INTO `phpbb_config` (`config_name`, `config_value`) VALUES
	('address_whois', 'http://whois.domaintools.com/'),
	('admin_html', '0'),
	('admin_notify_gg', ''),
	('admin_notify_message', '0'),
	('admin_notify_reply', '1'),
	('advert', ''),
	('advert_foot', ''),
	('advert_separator', ' &bull; '),
	('advert_separator_l', '<br /><hr />'),
	('advert_width', '150'),
	('adv_person_time', '30'),
	('allow_autologin', '1'),
	('allow_avatar', '0'),
	('allow_avatar_local', '1'),
	('allow_avatar_remote', '1'),
	('allow_avatar_upload', '1'),
	('allow_bbcode', '1'),
	('allow_bbcode_quest', '0'),
	('allow_custom_color', '0'),
	('allow_custom_rank', '0'),
	('allow_html', '0'),
	('allow_html_tags', 'b,i,u,pre'),
	('allow_mod_delete_actions', '0'),
	('allow_namechange', '0'),
	('allow_photo_remote', '0'),
	('allow_photo_upload', '0'),
	('allow_sig', '1'),
	('allow_sig_image', '1'),
	('allow_sig_image_img', '0'),
	('allow_smilies', '1'),
	('anonymous_simple', '0'),
	('autorepair_tables', '1'),
	('auto_date', '1'),
	('avatar_filesize', '12144'),
	('avatar_gallery_path', 'images/avatars/gallery'),
	('avatar_max_height', '80'),
	('avatar_max_width', '80'),
	('avatar_path', 'images/avatars'),
	('banners_list', '<center><a href="http://phpbb.com" target="_blank"><img src="images/link_phpbb.gif" alt="" border="0" /></a></center><br />[banner]<center><a href="http://forumimages.com" target="_blank"><img src="images/link_forumimages.gif" alt="" border="0" /></a></center><br />[banner]<center><embed src="images/clock.swf" quality=high type="application/x-shockwave-flash" width="80" height="80" /></center>'),
	('banner_bottom', ''),
	('banner_bottom_enable', '0'),
	('banner_top', ''),
	('banner_top_enable', '0'),
	('ban_warnings', '6'),
	('block_time', '40'),
	('board_disable', ''),
	('board_email', 'twojlogin@twojadres.pl'),
	('board_email_form', '1'),
	('board_email_sig', 'Administrator Forum'),
	('board_msg', ''),
	('board_msg_enable', '0'),
	('board_timezone', '1.00'),
	('button_b', '1'),
	('button_c', '1'),
	('button_ce', '1'),
	('button_f', '1'),
	('button_hi', '1'),
	('button_i', '1'),
	('button_im', '1'),
	('button_l', '1'),
	('button_q', '1'),
	('button_s', '1'),
	('button_u', '1'),
	('button_ur', '1'),
	('cagent', '1'),
	('cavatar', '1'),
	('cbbcode', '0'),
	('cbstyle', '1'),
	('ccount', '1'),
	('cemail', '1'),
	('cfriend', '1'),
	('cfrom', '1'),
	('cgg', '1'),
	('check_address', '0'),
	('chtml', '0'),
	('cicq', '0'),
	('cignore', '1'),
	('cinter', '1'),
	('cjob', '0'),
	('cjoin', '1'),
	('clang', '1'),
	('cleveld', '0'),
	('clevell', '0'),
	('clevelp', '0'),
	('cllogin', '1'),
	('cload', '0'),
	('clog', '0'),
	('cmsn', '0'),
	('color_box', '1'),
	('cookie_domain', ''),
	('cookie_name', 'phpbb2mysql'),
	('cookie_path', '/'),
	('cookie_secure', '0'),
	('coppa_fax', ''),
	('coppa_mail', ''),
	('cpost', '1'),
	('cposts', '1'),
	('cquick', '1'),
	('cregist', '1'),
	('cregist_b', '0'),
	('crestrict', '0'),
	('csearch', '1'),
	('csmiles', '0'),
	('cstat', '1'),
	('cstyles', '1'),
	('ctimezone', '1'),
	('ctop', '1'),
	('custom_color_mod', '0'),
	('custom_color_use', '0'),
	('custom_color_view', '0'),
	('custom_rank_mod', '0'),
	('cyahoo', '0'),
	('data', ''),
	('day_to_prune', '120'),
	('default_dateformat', 'Y-m-d, H:i'),
	('default_style', '1'),
	('del_notify_choice', '0'),
	('del_notify_enable', '1'),
	('del_notify_method', '1'),
	('del_user_notify', '1'),
	('desc_color', ''),
	('disable_type', ''),
	('display_viewonline', '2'),
	('display_viewonline_over', '0'),
	('download', '1'),
	('echange_banner', '0'),
	('edit_time', '0'),
	('email_from', ''),
	('email_return_path', ''),
	('expire', '1'),
	('expire_value', '0'),
	('expire_warnings', '0'),
	('flood_interval', '20'),
	('force_complex_password', '0'),
	('freak', '1'),
	('gender', '1'),
	('generate_time', '1'),
	('generate_time_admin', '0'),
	('glow_box', '1'),
	('graphic', '1'),
	('group_rank_hack_version', '0'),
	('gzip_compress', '0'),
	('haslo_gg', ''),
	('header_enable', '0'),
	('helped', '0'),
	('hide_edited_admin', '0'),
	('hide_viewed_admin', '0'),
	('hot_threshold', '30'),
	('ignore_topics', '1'),
	('ipview', '0'),
	('jr_admin_html', '0'),
	('lastpost', ''),
	('last_dtable_notify', ''),
	('last_prune', '0'),
	('last_resync', '0'),
	('last_topic_title', '1'),
	('last_topic_title_length', '24'),
	('last_topic_title_over', '0'),
	('last_visitors_time', '24'),
	('last_visitors_time_count', '0'),
	('login_require', '0'),
	('main_admin_id', ''),
	('max_inbox_privmsgs', '50'),
	('max_login_error', '10'),
	('max_poll_options', '30'),
	('max_savebox_privmsgs', '50'),
	('max_sentbox_privmsgs', '25'),
	('max_sig_chars', '255'),
	('max_sig_chars_admin', '6'),
	('max_sig_chars_mod', '3'),
	('max_sig_custom_rank', '20'),
	('max_sig_location', '20'),
	('max_smilies', '24'),
	('meta_description', ''),
	('meta_keywords', ''),
	('min_password_len', '3'),
	('mod_edit_warnings', '0'),
	('mod_html', '0'),
	('mod_nick_color', ''),
	('mod_spy', '0'),
	('mod_spy_admin', '0'),
	('mod_value_warning', '1'),
	('mod_warnings', '1'),
	('name_color', ''),
	('newest', '1'),
	('newestuser', ''),
	('notify_gg', '1'),
	('not_anonymous_posting', '0'),
	('not_anonymous_quickreply', '0'),
	('not_edit_admin', '1'),
	('numer_gg', ''),
	('onmouse', '1'),
	('open_in_windows', '1'),
	('overlib', '1'),
	('override_user_style', '0'),
	('password_not_login', '0'),
	('photo_filesize', '40000'),
	('photo_max_height', '200'),
	('photo_max_width', '200'),
	('photo_path', 'images/photos'),
	('ph_days', '14'),
	('ph_len', '8'),
	('ph_mod', '0'),
	('ph_mod_delete', '0'),
	('postcount', ''),
	('poster_posts', '1'),
	('posts_per_page', '15'),
	('post_footer', '1'),
	('post_icon', '1'),
	('post_overlib', '1'),
	('privmsg_disable', '0'),
	('protection_get', '1'),
	('prune_enable', '0'),
	('public_category', ''),
	('rand_seed', '0'),
	('rand_seed_last_update', '0'),
	('rebuild_search', ''),
	('record_online_date', '0'),
	('record_online_users', '0'),
	('refresh', '0'),
	('report_disable', '1'),
	('report_disabled_groups', ''),
	('report_disabled_users', ''),
	('report_no_auth_groups', ''),
	('report_no_auth_users', ''),
	('report_no_guestes', '1'),
	('report_only_admin', '0'),
	('report_popup_height', '250'),
	('report_popup_links_target', '2'),
	('report_popup_width', '700'),
	('require_activation', '0'),
	('require_aim', '0'),
	('require_gender', '0'),
	('require_location', '0'),
	('require_website', '0'),
	('restrict_smilies', '0'),
	('rh_max_posts', '1000'),
	('rh_without_days', '3'),
	('ri_data', ''),
	('ri_time', ''),
	('r_a_r_time', '1'),
	('script_path', '/phpBB2/'),
	('search_enable', '1'),
	('search_keywords_max', '5'),
	('sendmail_fix', '0'),
	('server_name', 'www.myserver.tld'),
	('server_port', '80'),
	('session_length', '900'),
	('show_action_edited_by_others', '1'),
	('show_action_edited_self', '1'),
	('show_action_edited_self_all', '0'),
	('show_action_expired', '1'),
	('show_action_locked', '1'),
	('show_action_moved', '1'),
	('show_action_unlocked', '1'),
	('show_badwords', '1'),
	('show_rules', '0'),
	('sig_images_path', 'images/signatures'),
	('sig_image_filesize', '30000'),
	('sig_image_max_height', '50'),
	('sig_image_max_width', '400'),
	('sitename', 'Nazwa twojego forum'),
	('site_desc', 'Krótki tekst opisujący twoje forum'),
	('size_box', '1'),
	('smilies_columns', '4'),
	('smilies_path', 'images/smiles'),
	('smilies_rows', '8'),
	('smilies_w_columns', '8'),
	('smtp_delivery', '0'),
	('smtp_host', ''),
	('smtp_password', ''),
	('smtp_username', ''),
	('split_cat', '1'),
	('split_cat_over', '0'),
	('split_messages', '0'),
	('split_messages_admin', '0'),
	('split_messages_mod', '0'),
	('sql', 'http://'),
	('staff_enable', '1'),
	('staff_forums', '1'),
	('sub_forum', '1'),
	('sub_forum_over', '0'),
	('sub_level_links', '2'),
	('sub_level_links_over', '0'),
	('table_border', '6'),
	('title_explain', '1'),
	('topiccount', ''),
	('topics_per_page', '25'),
	('topic_color', '1'),
	('topic_color_all', '0'),
	('topic_color_mod', '1'),
	('topic_preview', '0'),
	('topic_start_date', '1'),
	('topic_start_dateformat', 'd-m-y'),
	('usercount', ''),
	('u_o_t_d', '1'),
	('validate', '0'),
	('version', '1.12.9'),
	('viewonline', '0'),
	('viewtopic_warnings', '0'),
	('view_ad_by', '1'),
	('visitors', '1'),
	('warnings_enable', '1'),
	('warnings_mods_public', '1'),
	('who_viewed', '0'),
	('who_viewed_admin', '0'),
	('width_color1', ''),
	('width_color2', ''),
	('width_forum', '0'),
	('width_table', '800'),
	('write_warnings', '3');

INSERT IGNORE INTO `phpbb_extensions` (`ext_id`, `group_id`, `extension`, `comment`) VALUES
	(1, 1, 'gif', ''),
	(2, 1, 'png', ''),
	(3, 1, 'jpeg', ''),
	(4, 1, 'jpg', ''),
	(5, 1, 'tif', ''),
	(6, 1, 'tga', ''),
	(7, 2, 'gtar', ''),
	(8, 2, 'gz', ''),
	(9, 2, 'tar', ''),
	(10, 2, 'zip', ''),
	(11, 2, 'rar', ''),
	(12, 2, 'ace', ''),
	(13, 3, 'txt', ''),
	(14, 3, 'c', ''),
	(15, 3, 'h', ''),
	(16, 3, 'cpp', ''),
	(17, 3, 'hpp', ''),
	(18, 3, 'diz', ''),
	(19, 4, 'xls', ''),
	(20, 4, 'doc', ''),
	(21, 4, 'dot', ''),
	(22, 4, 'pdf', ''),
	(23, 4, 'ai', ''),
	(24, 4, 'ps', ''),
	(25, 4, 'ppt', ''),
	(26, 5, 'rm', ''),
	(27, 6, 'wma', ''),
	(31, 6, 'avi', ''),
	(32, 6, 'mpg', ''),
	(33, 6, 'mpeg', ''),
	(34, 6, 'mp3', ''),
	(35, 6, 'wav', '');

INSERT IGNORE INTO `phpbb_extension_groups` (`group_id`, `group_name`, `cat_id`, `allow_group`, `download_mode`, `upload_icon`, `max_filesize`, `forum_permissions`) VALUES
	(1, 'Images', 1, 1, 1, '', 0, ''),
	(2, 'Archives', 0, 1, 1, '', 0, ''),
	(3, 'Plain Text', 0, 0, 1, '', 0, ''),
	(4, 'Documents', 0, 0, 1, '', 0, ''),
	(5, 'Real Media', 0, 0, 2, '', 0, ''),
	(6, 'Streams', 2, 0, 1, '', 0, ''),
	(7, 'Flash Files', 3, 0, 1, '', 0, '');

INSERT IGNORE INTO `phpbb_forbidden_extensions` (`ext_id`, `extension`) VALUES
	(1, 'php'),
	(2, 'php3'),
	(3, 'php4'),
	(4, 'phtml'),
	(5, 'pl'),
	(6, 'asp'),
	(7, 'cgi');

INSERT IGNORE INTO `phpbb_forums` (`forum_id`, `cat_id`, `forum_name`, `forum_desc`, `forum_status`, `forum_order`, `forum_posts`, `forum_topics`, `forum_last_post_id`, `prune_next`, `prune_enable`, `auth_view`, `auth_read`, `auth_post`, `auth_reply`, `auth_edit`, `auth_delete`, `auth_sticky`, `auth_announce`, `auth_globalannounce`, `auth_vote`, `auth_pollcreate`, `auth_attachments`, `auth_download`, `password`, `forum_sort`, `forum_color`, `forum_link`, `forum_link_internal`, `forum_link_hit_count`, `forum_link_hit`, `main_type`, `forum_moderate`, `no_count`, `forum_trash`, `forum_separate`, `forum_show_ga`, `forum_tree_grade`, `forum_tree_req`, `forum_no_split`, `forum_no_helped`, `topic_tags`, `locked_bottom`) VALUES
	(1, 1, 'Testowe forum', 'Testowe forum.', 0, 20, 1, 1, 5, NULL, 0, 0, 0, 1, 0, 1, 1, 3, 3, 3, 1, 1, 1, 1, '', 'SORT_FPDATE', '', '', 0, 0, 0, 'c', 0, 0, 0, 2, 1, 3, 0, 0, 0, '', 0),
	(2, 1, 'Test Subforów', 'W tym forum, znajdują się dwa testowe fora, można w nim również pisać tematy', 0, 30, 1, 1, 3, NULL, 0, 0, 0, 1, 0, 1, 1, 3, 3, 3, 1, 1, 1, 1, '', 'SORT_FPDATE', '', '', 0, 0, 0, 'c', 0, 0, 0, 2, 1, 3, 0, 0, 0, '', 0),
	(3, 3, 'Testowe podforum 1', 'Testowe podforum 1', 0, 50, 0, 0, 0, NULL, 0, 0, 0, 1, 0, 1, 1, 3, 3, 3, 1, 1, 1, 1, '', 'SORT_FPDATE', '', '', 0, 0, 0, 'c', 0, 0, 0, 2, 1, 3, 0, 0, 0, '', 0),
	(4, 3, 'Testowe podforum 2', 'Testowe podforum 2', 0, 60, 0, 0, 0, NULL, 0, 0, 0, 1, 0, 1, 1, 3, 3, 3, 1, 1, 1, 1, '', 'SORT_FPDATE', '', '', 0, 0, 0, 'c', 0, 0, 0, 2, 1, 3, 0, 0, 0, '', 0),
	(6, 4, 'Forum moderacji', 'W tym forum tylko moderatorzy mogą zakładać nowe tematy', 0, 90, 2, 2, 9, NULL, 0, 0, 0, 1, 0, 1, 1, 3, 3, 3, 1, 1, 1, 1, '', 'SORT_FPDATE', 'FF0000', '', 0, 0, 0, 'c', 0, 0, 0, 2, 1, 3, 0, 0, 0, '', 0),
	(7, 4, 'Sondy moderacji', 'To jest forum do umieszczania sond, tutaj tylko moderatorzy mogę umieszczaę sondy i pisać posty.', 0, 100, 1, 1, 7, NULL, 0, 0, 0, 1, 0, 1, 1, 3, 3, 3, 1, 1, 1, 1, '', 'SORT_FPDATE', '32CD32', '', 0, 0, 0, 'c', 0, 0, 0, 2, 1, 3, 0, 0, 0, '', 0);

INSERT IGNORE INTO `phpbb_groups` (`group_id`, `group_type`, `group_name`, `group_description`, `group_moderator`, `group_single_user`, `group_order`, `group_count`, `group_count_enable`, `group_mail_enable`, `group_no_unsub`, `group_color`, `group_prefix`, `group_style`) VALUES
	(1, 1, 'Anonymous', 'Personal User', 0, 1, 0, 99999999, 0, 0, 0, NULL, NULL, NULL),
	(2, 1, 'Admin', 'Personal User', 0, 1, 0, 99999999, 0, 0, 0, NULL, NULL, NULL);

INSERT IGNORE INTO `phpbb_posts` (`post_id`, `topic_id`, `forum_id`, `poster_id`, `post_time`, `post_start_time`, `poster_ip`, `post_username`, `enable_bbcode`, `enable_html`, `enable_smilies`, `enable_sig`, `post_edit_time`, `post_edit_count`, `post_attachment`, `user_agent`, `post_icon`, `post_expire`, `reporter_id`, `post_marked`, `post_approve`, `poster_delete`, `post_edit_by`, `post_parent`, `post_order`) VALUES
	(3, 2, 2, 2, 1064458873, 0, '7f000001', '', 1, 0, 1, 0, NULL, 0, 0, '', 0, 0, 0, 'n', 1, 0, 0, 0, 0),
	(5, 4, 1, 2, 1065136668, 0, '7f000001', '', 1, 0, 0, 0, NULL, 0, 0, '', 2, 0, 0, 'n', 1, 0, 0, 0, 0),
	(7, 5, 7, 2, 1065137203, 0, '7f000001', '', 1, 0, 1, 0, NULL, 0, 0, '', 0, 0, 0, 'n', 1, 0, 0, 0, 0),
	(8, 6, 6, 2, 1065137320, 0, '7f000001', '', 1, 0, 1, 0, NULL, 0, 0, '', 0, 0, 0, 'n', 1, 0, 0, 0, 0),
	(9, 7, 6, 2, 1065137383, 0, '7f000001', '', 1, 0, 1, 0, NULL, 0, 0, '', 0, 0, 0, 'n', 1, 0, 0, 0, 0);

INSERT IGNORE INTO `phpbb_posts_text` (`post_id`, `bbcode_uid`, `post_subject`, `post_text`) VALUES
	(3, 'b63934e592', 'Testowy temat w SubForum', 'Testowy temat w SubForum'),
	(5, 'bcf3b5262c', 'Witaj na forum phpBB modified by Przemo', 'Dziękuję, za wybranie [URL=http://www.przemo.org/phpBB2/]phpBB modified by Przemo[/URL] do obsęugi Twojego Forum.\r\n\r\nZapoznaj się dokęadnie z instrukcjami zamieszczonymi w pliku [b:bcf3b5262c]/docs/readme.html[/b:bcf3b5262c] w katalogu forum.'),
	(7, '2fe4a4ef6b', 'Sonda1', 'sonda1'),
	(8, 'c93fefdf03', 'Test trzeciego newsa', '[URL=http://www.przemo.org]test[/URL] [b:c93fefdf03]test[/b:c93fefdf03] [size=18:c93fefdf03][shadow=red:c93fefdf03]test[/shadow:c93fefdf03][/size:c93fefdf03]\r\n\r\nt\r\n\r\ne\r\n\r\ns\r\n\r\nt\r\n\r\n.\r\n.\r\n.\r\n.\r\n.\r\n.\r\n.\r\n\r\nn\r\n\r\ne'),
	(9, 'e7c9e3e71f', 'test drugiego newsa', '[URL=http://www.przemo.org]test[/URL] [b:e7c9e3e71f]test[/b:e7c9e3e71f] [size=18:e7c9e3e71f][shadow=red:e7c9e3e71f]test[/shadow:e7c9e3e71f][/size:e7c9e3e71f]\r\n\r\nt\r\n\r\ne\r\n\r\ns\r\n\r\nt\r\n\r\n\r\n\r\nn\r\n\r\ne\r\n\r\nw\r\n\r\ns\r\n\r\na');

INSERT IGNORE INTO `phpbb_quota_limits` (`quota_limit_id`, `quota_desc`, `quota_limit`) VALUES
	(1, 'Low', 262144),
	(2, 'Medium', 2097152),
	(3, 'High', 5242880);

INSERT IGNORE INTO `phpbb_ranks` (`rank_id`, `rank_title`, `rank_min`, `rank_special`, `rank_image`, `rank_group`) VALUES
	(1, 'Administrator', -1, 1, NULL, 0);

INSERT IGNORE INTO `phpbb_shoutbox_config` (`config_name`, `config_value`) VALUES
	('allow_bbcode', '1'),
	('allow_delete', '0'),
	('allow_delete_all', '0'),
	('allow_delete_m', '0'),
	('allow_edit', '0'),
	('allow_edit_all', '0'),
	('allow_edit_m', '0'),
	('allow_guest', '0'),
	('allow_guest_view', '1'),
	('allow_smilies', '1'),
	('allow_users', '1'),
	('allow_users_view', '1'),
	('banned_user_id', ''),
	('banned_user_id_view', ''),
	('count_msg', '30'),
	('date_format', 'd.m.y, H:i:s'),
	('date_on', '1'),
	('delete_days', '30'),
	('links_names', '1'),
	('make_links', '1'),
	('sb_group_sel', 'all'),
	('shoutbox_on', '1'),
	('shoutbox_smilies', '0'),
	('shout_height', '130'),
	('shout_refresh', '5'),
	('shout_width', '630'),
	('text_lenght', '500'),
	('usercall', '0'),
	('word_lenght', '80');

INSERT IGNORE INTO `phpbb_smilies` (`smilies_id`, `code`, `smile_url`, `emoticon`, `smile_order`) VALUES
	(1, ':-)', 'icon_smile.gif', '', 1),
	(2, ';-)', 'icon_wink.gif', '', 2),
	(3, ':-&gt;', 'icon_smile2.gif', '', 3),
	(4, ':-D', 'icon_biggrin.gif', '', 4),
	(5, ':-P', 'icon_razz.gif', '', 5),
	(6, ':-o', 'icon_surprised.gif', '', 6),
	(7, ':mrgreen:', 'icon_mrgreen.gif', '', 7),
	(8, ':lol:', 'icon_lol.gif', '', 8),
	(9, ':-(', 'icon_sad.gif', '', 9),
	(10, ':-|', 'icon_neutral.gif', '', 10),
	(11, ':-/', 'icon_curve.gif', '', 11),
	(12, ':-?', 'icon_confused.gif', '', 12),
	(13, ':-x', 'icon_mad.gif', '', 13),
	(14, ':shock:', 'icon_eek.gif', '', 14),
	(15, ':cry:', 'icon_cry.gif', '', 15),
	(16, ':oops:', 'icon_redface.gif', '', 16),
	(17, '8-)', 'icon_cool.gif', '', 17),
	(18, ':evil:', 'icon_evil.gif', '', 18),
	(19, ':roll:', 'icon_rolleyes.gif', '', 19),
	(20, ':!:', 'icon_exclaim.gif', '', 20),
	(21, ':?:', 'icon_question.gif', '', 21),
	(22, ':idea:', 'icon_idea.gif', '', 22),
	(23, ':arrow:', 'icon_arrow.gif', '', 23);

INSERT IGNORE INTO `phpbb_stats_config` (`config_name`, `config_value`) VALUES
	('install_date', 'time()'),
	('modules_dir', 'stat_modules'),
	('page_views', '0'),
	('return_limit', '10'),
	('version', '2.1.3');

INSERT IGNORE INTO `phpbb_stats_modules` (`module_id`, `name`, `active`, `installed`, `display_order`, `update_time`, `auth_value`, `module_info_cache`, `module_db_cache`, `module_result_cache`, `module_info_time`, `module_cache_time`) VALUES
	(1, 'new_posts_by_month', 1, 1, 10, 24, 0, _binary 0x5B424C4F425D, _binary 0x5B424C4F425D, _binary 0x5B424C4F425D, 0, 0),
	(2, 'new_topics_by_month', 1, 1, 20, 24, 0, _binary 0x5B424C4F425D, _binary 0x5B424C4F425D, _binary 0x5B424C4F425D, 0, 0),
	(3, 'new_users_by_month', 1, 1, 30, 24, 0, _binary 0x5B424C4F425D, _binary 0x5B424C4F425D, _binary 0x5B424C4F425D, 0, 0),
	(4, 'most_active_topics', 1, 1, 40, 0, 0, _binary 0x5B424C4F425D, _binary 0x5B424C4F425D, _binary 0x5B424C4F425D, 0, 0),
	(5, 'most_viewed_topics', 1, 1, 50, 0, 0, _binary 0x5B424C4F425D, _binary 0x5B424C4F425D, _binary 0x5B424C4F425D, 0, 0),
	(6, 'latest_topics', 1, 1, 60, 0, 0, _binary 0x5B424C4F425D, _binary 0x5B424C4F425D, _binary 0x5B424C4F425D, 0, 0),
	(7, 'priv_msgs', 1, 1, 70, 48, 0, _binary 0x5B424C4F425D, _binary 0x5B424C4F425D, _binary 0x5B424C4F425D, 0, 0),
	(8, 'top_posters', 1, 1, 80, 24, 0, _binary 0x5B424C4F425D, _binary 0x5B424C4F425D, _binary 0x5B424C4F425D, 0, 0),
	(9, 'last_active_users', 1, 1, 90, 0, 0, _binary 0x5B424C4F425D, _binary 0x5B424C4F425D, _binary 0x5B424C4F425D, 0, 0),
	(10, 'users_from_where', 1, 1, 100, 48, 0, _binary 0x5B424C4F425D, _binary 0x5B424C4F425D, _binary 0x5B424C4F425D, 0, 0),
	(12, 'users_gender', 1, 1, 120, 48, 0, _binary 0x5B424C4F425D, _binary 0x5B424C4F425D, _binary 0x5B424C4F425D, 0, 0),
	(13, 'top_smilies', 1, 1, 130, 64, 0, _binary 0x5B424C4F425D, _binary 0x5B424C4F425D, _binary 0x5B424C4F425D, 0, 0),
	(14, 'top_words', 1, 1, 140, 64, 0, _binary 0x5B424C4F425D, _binary 0x5B424C4F425D, _binary 0x5B424C4F425D, 0, 0),
	(15, 'user_agent', 1, 1, 150, 64, 0, _binary 0x5B424C4F425D, _binary 0x5B424C4F425D, _binary 0x5B424C4F425D, 0, 0);

INSERT IGNORE INTO `phpbb_themes` (`themes_id`, `template_name`, `style_name`, `head_stylesheet`, `body_background`, `body_bgcolor`, `body_text`, `body_link`, `body_vlink`, `body_alink`, `body_hlink`, `tr_color1`, `tr_color2`, `tr_color3`, `tr_color_helped`, `tr_class1`, `tr_class2`, `tr_class3`, `th_color1`, `th_color2`, `th_color3`, `th_class1`, `th_class2`, `th_class3`, `td_color1`, `td_color2`, `td_color3`, `td_class1`, `td_class2`, `td_class3`, `fontface1`, `fontface2`, `fontface3`, `fontsize1`, `fontsize2`, `fontsize3`, `fontcolor1`, `fontcolor2`, `fontcolor3`, `fontcolor_admin`, `fontcolor_jradmin`, `fontcolor_mod`, `factive_color`, `faonmouse_color`, `faonmouse2_color`, `span_class1`, `span_class2`, `span_class3`, `img_size_poll`, `img_size_privmsg`) VALUES
	(1, 'subSilver', 'subSilver', 'subSilver.css', '', 'E5E5E5', '000000', '006699', '5493B4', '', 'DD6900', 'EFEFEF', 'DEE3E7', 'D1D7DC', 'F0EDDE', '', '', '', '98AAB1', '006699', 'FFFFFF', 'cellpic1.gif', 'cellpic3.gif', 'cellpic2.jpg', 'FAFAFA', 'FFFFFF', '', 'row1', 'row2', '', 'Verdana, Arial, Helvetica, sans-serif', 'Trebuchet MS', 'Courier, \'Courier New\', sans-serif', 10, 11, 12, '444444', '006600', 'FFA34F', 'FFA34F', '993333', '006600', 'F9F9F0', 'DEE3E7', 'EFEFEF', '', '', '', NULL, NULL);

INSERT IGNORE INTO `phpbb_themes_name` (`themes_id`, `tr_color1_name`, `tr_color2_name`, `tr_color3_name`, `tr_class1_name`, `tr_class2_name`, `tr_class3_name`, `th_color1_name`, `th_color2_name`, `th_color3_name`, `th_class1_name`, `th_class2_name`, `th_class3_name`, `td_color1_name`, `td_color2_name`, `td_color3_name`, `td_class1_name`, `td_class2_name`, `td_class3_name`, `fontface1_name`, `fontface2_name`, `fontface3_name`, `fontsize1_name`, `fontsize2_name`, `fontsize3_name`, `fontcolor1_name`, `fontcolor2_name`, `fontcolor3_name`, `span_class1_name`, `span_class2_name`, `span_class3_name`) VALUES
	(1, 'The lightest row colour', 'The medium row color', 'The darkest row colour', '', '', '', 'Border round the whole page', 'Outer table border', 'Inner table border', 'Silver gradient picture', 'Blue gradient picture', 'Fade-out gradient on index', 'Background for quote boxes', 'All white areas', '', 'Background for topic posts', '2nd background for topic posts', '', 'Main fonts', 'Additional topic title font', 'Form fonts', 'Smallest font size', 'Medium font size', 'Normal font size (post body etc)', 'Quote & copyright text', 'Code text colour', 'Main table header text colour', '', '', '');

INSERT IGNORE INTO `phpbb_topics` (`topic_id`, `forum_id`, `topic_title`, `topic_poster`, `topic_time`, `topic_views`, `topic_replies`, `topic_status`, `topic_vote`, `topic_type`, `topic_first_post_id`, `topic_last_post_id`, `topic_moved_id`, `topic_attachment`, `topic_icon`, `topic_expire`, `topic_color`, `topic_title_e`, `topic_action`, `topic_action_user`, `topic_action_date`, `topic_tree_width`, `topic_accept`) VALUES
	(2, 2, 'Testowy temat w Subforum', 2, 1064458873, 0, 0, 0, 0, 0, 3, 3, 0, 0, 0, 0, '', '', 0, 0, 0, 0, 1),
	(4, 1, 'Witaj na forum phpBB modified by Przemo', 2, 1065136668, 0, 0, 0, 0, 0, 5, 5, 0, 0, 2, 0, 'green', '', 0, 0, 0, 0, 1),
	(5, 7, 'Sonda1', 2, 1065137203, 0, 0, 0, 1, 0, 7, 7, 0, 0, 0, 0, '', '', 0, 0, 0, 0, 1),
	(6, 6, 'Test trzeciego newsa', 2, 1065137320, 0, 0, 0, 0, 0, 8, 8, 0, 0, 0, 0, '', '', 0, 0, 0, 0, 1),
	(7, 6, 'test drugiego newsa', 2, 1065137383, 0, 0, 0, 0, 0, 9, 9, 0, 0, 0, 0, '', '', 0, 0, 0, 0, 1);

INSERT IGNORE INTO `phpbb_users` (`user_id`, `user_active`, `username`, `user_password`, `user_session_time`, `user_session_page`, `user_lastvisit`, `user_regdate`, `user_level`, `user_posts`, `user_timezone`, `user_style`, `user_lang`, `user_new_privmsg`, `user_unread_privmsg`, `user_last_privmsg`, `user_emailtime`, `user_viewemail`, `user_viewaim`, `user_attachsig`, `user_allowhtml`, `user_allowbbcode`, `user_allowsmile`, `user_allowavatar`, `user_allowsig`, `user_allow_pm`, `user_allow_viewonline`, `user_notify`, `user_notify_pm`, `user_popup_pm`, `user_rank`, `user_avatar`, `user_avatar_type`, `user_email`, `user_icq`, `user_website`, `user_from`, `user_sig`, `user_sig_bbcode_uid`, `user_sig_image`, `user_aim`, `user_yim`, `user_msnm`, `user_occ`, `user_interests`, `user_actkey`, `user_newpasswd`, `user_custom_rank`, `user_photo`, `user_photo_type`, `user_custom_color`, `user_badlogin`, `user_blocktime`, `user_block_by`, `disallow_forums`, `can_custom_ranks`, `can_custom_color`, `user_gender`, `can_topic_color`, `user_notify_gg`, `allowpm`, `no_report_popup`, `refresh_report_popup`, `no_report_mail`, `user_avatar_width`, `user_avatar_height`, `special_rank`, `user_allow_helped`, `user_ip`, `user_ip_login_check`, `user_spend_time`, `user_visit`, `user_session_start`, `read_tracking_last_update`, `user_jr`) VALUES
	(-1, 0, 'Anonymous', '', 0, 0, 0, 0, 0, 0, 1.00, NULL, 'polish', 0, 0, 0, 0, 0, 1, 1, 1, 1, 1, 1, 1, 0, 1, 0, 1, 0, 0, '', 0, '', '', '', '', '', '', '', '', '', '', '', '', '', '', '', '', 0, '', 0, 0, '', '', 1, 1, 0, 1, 0, 1, 0, 0, 0, NULL, NULL, NULL, 1, NULL, 1, 0, 0, 0, 0, 0),
	(2, 1, 'Admin', '21232f297a57a5a743894a0e4a801fc3', 0, 0, 0, 0, 1, 5, 1.00, 1, '', 0, 0, 0, 0, 1, 1, 1, 1, 1, 1, 1, 1, 1, 1, 0, 1, 1, 1, '', 0, 'admin@yourdomain.com', '', '', '', '', '', '', '', '', '', '', '', '', '', '', '', 0, '', 0, 0, '', '', 1, 1, 0, 1, 0, 1, 0, 0, 0, NULL, NULL, NULL, 1, NULL, 1, 0, 0, 0, 0, 0);

INSERT IGNORE INTO `phpbb_user_group` (`group_id`, `user_id`, `user_pending`) VALUES
	(1, -1, 0),
	(2, 2, 0);

INSERT IGNORE INTO `phpbb_vote_desc` (`vote_id`, `topic_id`, `vote_text`, `vote_start`, `vote_length`, `vote_max`, `vote_voted`, `vote_hide`, `vote_tothide`) VALUES
	(1, 5, 'Czy podoba Ci się to Forum?', 1065137203, 0, 1, 0, 0, 0);

INSERT IGNORE INTO `phpbb_vote_results` (`vote_id`, `vote_option_id`, `vote_option_text`, `vote_result`) VALUES
	(1, 1, 'Tak', 0),
	(1, 2, 'Nie', 0);

/*!40101 SET SQL_MODE=IFNULL(@OLD_SQL_MODE, '') */;
/*!40014 SET FOREIGN_KEY_CHECKS=IF(@OLD_FOREIGN_KEY_CHECKS IS NULL, 1, @OLD_FOREIGN_KEY_CHECKS) */;
/*!40101 SET CHARACTER_SET_CLIENT=@OLD_CHARACTER_SET_CLIENT */;
